Category_Set,Category_Occurrences,Total_Examples,percent_of_entries,Entity_Number
Track,14962,21112,0.7086964759378552,-1
City,2233,21112,0.1057692307692307,-1
CDP,1962,21112,0.0929329291398256,-1
Town,886,21112,0.0419666540356195,-1
Village,754,21112,0.0357142857142857,-1
Borough,259,21112,0.0122679045092838,-1
Community,36,21112,0.0017051913603637,-1
Urban,16,21112,0.0007578628268283,-1
County,3,21112,0.0001420992800303,-1
Corporation,1,21112,4.7366426676771504e-05,-1
