Category_Set,Category_Occurrences,Total_Examples,percent_of_entries,Entity_Number
2013,76,636,0.1194968553459119,-1
2012,74,636,0.1163522012578616,-1
2011,73,636,0.1147798742138364,-1
2016,60,636,0.0943396226415094,-1
2014,60,636,0.0943396226415094,-1
2010,60,636,0.0943396226415094,-1
2017,59,636,0.0927672955974842,-1
2015,59,636,0.0927672955974842,-1
2008,58,636,0.0911949685534591,-1
2009,57,636,0.0896226415094339,-1
