Category_Set,Category_Occurrences,Total_Examples,percent_of_entries,Entity_Number
PTS,108070,387427,0.2789428718184329,-1
TKO,89709,387427,0.2315507179417025,-1
KO,70940,387427,0.1831054624484096,-1
UD,62290,387427,0.1607786757247171,-1
NWS,19369,387427,0.0499939343411791,-1
SD,11323,387427,0.0292261509910254,-1
MD,9364,387427,0.024169714552677,-1
RTD,9065,387427,0.023397956260147,-1
DQ,4831,387427,0.0124694458568969,-1
TD,2466,387427,0.0063650700648122,-1
