Category_Set,Category_Occurrences,Total_Examples,percent_of_entries,Entity_Number
Layer 2 Up,203,1055,0.1924170616113744,-1
Layer 3 Up,194,1055,0.1838862559241706,-1
Layer 1 Up,172,1055,0.1630331753554502,-1
Layer 1 Down,148,1055,0.1402843601895734,-1
Layer 3 Down,142,1055,0.1345971563981042,-1
Layer 2 Down,132,1055,0.1251184834123222,-1
Prep,30,1055,0.0284360189573459,-1
Repositioning,25,1055,0.0236966824644549,-1
end,8,1055,0.0075829383886255,-1
Starting,1,1055,0.0009478672985781,-1
