Category_Set,Category_Occurrences,Total_Examples,percent_of_entries,Entity_Number
US,92033,108129,0.8511407670467682,-1
GB,8758,108129,0.0809958475524604,-1
CA,3736,108129,0.0345513229568385,-1
AU,1880,108129,0.0173866400318138,-1
NL,705,108129,0.0065199900119301,-1
NZ,355,108129,0.0032831155379222,-1
SE,240,108129,0.0022195710678911,-1
DK,196,108129,0.0018126497054444,-1
NO,114,108129,0.0010542962572482,-1
IE,111,108129,0.0010265516188996,-1
DE,1,108129,9.248212782879709e-06,-1
