Category_Set,Category_Occurrences,Total_Examples,percent_of_entries,Entity_Number
PR,1351,3324,0.4064380264741276,-1
VI,403,3324,0.1212394705174488,-1
GU,108,3324,0.0324909747292418,-1
AE,66,3324,0.01985559566787,-1
AP,64,3324,0.0192539109506618,-1
MP,62,3324,0.0186522262334536,-1
AS,54,3324,0.0162454873646209,-1
FM,2,3324,0.0006016847172081,-1
MH,2,3324,0.0006016847172081,-1
AA,1,3324,0.000300842358604,-1
PW,1,3324,0.000300842358604,-1
