Category_Set,Category_Occurrences,Total_Examples,percent_of_entries,Entity_Number
1.0,5905,50000,0.1181,-1
4.0,5832,50000,0.11664,-1
3.0,5750,50000,0.115,-1
2.0,5225,50000,0.1045,-1
6.0,4959,50000,0.09918,-1
5.0,4846,50000,0.09692,-1
7.0,3208,50000,0.06416,-1
8.0,3140,50000,0.0628,-1
9.0,3002,50000,0.06004,-1
12.0,2997,50000,0.05994,-1
11.0,2612,50000,0.05224,-1
10.0,2524,50000,0.05048,-1
