Category_Set,Category_Occurrences,Total_Examples,percent_of_entries,Entity_Number
3,1196,1351,0.8852701702442635,-1
4,46,1351,0.0340488527017024,-1
5,41,1351,0.0303478904515173,-1
6,19,1351,0.0140636565507031,-1
19,18,1351,0.0133234641006661,-1
14,16,1351,0.0118430792005921,-1
10,7,1351,0.005181347150259,-1
7,3,1351,0.002220577350111,-1
16,1,1351,0.000740192450037,-1
15,1,1351,0.000740192450037,-1
9,1,1351,0.000740192450037,-1
8,1,1351,0.000740192450037,-1
1,1,1351,0.000740192450037,-1
