Category_Set,Category_Occurrences,Total_Examples,percent_of_entries,Entity_Number
1993.0,35321,68023,0.5192508416270967,-1
2008.0,32505,68023,0.4778530791055967,-1
