Category_Set,Category_Occurrences,Total_Examples,percent_of_entries,Entity_Number
2008.0,223900,320551,0.6984847964910419,-1
1993.0,96116,320551,0.2998462023203796,-1
