Category_Set,Category_Occurrences,Total_Examples,percent_of_entries,Entity_Number
1993.0,30915,61626,0.5016551455554473,-1
2008.0,30503,61626,0.4949696556648168,-1
