Category_Set,Category_Occurrences,Total_Examples,percent_of_entries,Entity_Number
2008,3030,4861,0.6233285332236166,-1
2010,1761,4861,0.3622711376260029,-1
2012,70,4861,0.0144003291503805,-1
