Category_Set,Category_Occurrences,Total_Examples,percent_of_entries,Entity_Number
Dog,43076,66042,0.6522515974682778,-1
Cat,22915,66042,0.3469761666818085,-1
Livestock,51,66042,0.0007722358499136,-1
