Category_Set,Category_Occurrences,Total_Examples,percent_of_entries,Entity_Number
H,45512,76636,0.5938723315413121,-1
A,23431,76636,0.3057440367451328,-1
N,7693,76636,0.100383631713555,-1
