Category_Set,Category_Occurrences,Total_Examples,percent_of_entries,Entity_Number
H,89565,150684,0.5943895834992434,-1
A,45932,150684,0.3048233389079132,-1
N,15187,150684,0.1007870775928433,-1
