Category_Set,Category_Occurrences,Total_Examples,percent_of_entries,Entity_Number
0,857,914,0.937636761487965,-1
1,45,914,0.049234135667396,-1
2,12,914,0.0131291028446389,-1
