Category_Set,Category_Occurrences,Total_Examples,percent_of_entries,Entity_Number
-14400,8576,16330,0.5251684017146356,-1
-25200,4574,16330,0.2800979791794244,-1
-18000,3180,16330,0.19473361910594,-1
