Category_Set,Category_Occurrences,Total_Examples,percent_of_entries,Entity_Number
open,13530,16330,0.8285364360073484,-1
approval,2745,16330,0.1680955296999387,-1
closed,55,16330,0.0033680342927127,-1
