Category_Set,Category_Occurrences,Total_Examples,percent_of_entries,Entity_Number
G,154752,324403,0.4770362789493315,-1
EG,26328,324403,0.0811583123460633,-1
E,16352,324403,0.0504064389046957,-1
