Category_Set,Category_Occurrences,Total_Examples,percent_of_entries,Entity_Number
E,8151,42958,0.1897434703664044,-1
G,120,42958,0.0027934261371572,-1
EG,73,42958,0.0016993342334373,-1
