Category_Set,Category_Occurrences,Total_Examples,percent_of_entries,Entity_Number
G,38031,124048,0.3065829356378176,-1
E,4162,124048,0.0335515284406036,-1
EG,2999,124048,0.0241761253708242,-1
