Category_Set,Category_Occurrences,Total_Examples,percent_of_entries,Entity_Number
51.0,45286,124048,0.3650683606345931,-1
50.0,44216,124048,0.3564426673545724,-1
49.0,32957,124048,0.2656794144202244,-1
