Category_Set,Category_Occurrences,Total_Examples,percent_of_entries,Entity_Number
G,51164,277131,0.1846202698362868,-1
E,15491,277131,0.055897752326517,-1
EG,4281,277131,0.015447568117605,-1
