Category_Set,Category_Occurrences,Total_Examples,percent_of_entries,Entity_Number
G,21673,89830,0.2412668373594567,-1
E,4278,89830,0.0476232884337081,-1
EG,3125,89830,0.0347879327618835,-1
