Category_Set,Category_Occurrences,Total_Examples,percent_of_entries,Entity_Number
A,109413,374362,0.2922652405960007,-1
Y,24593,374362,0.0656930991927599,-1
N,16440,374362,0.0439147135660136,-1
