Category_Set,Category_Occurrences,Total_Examples,percent_of_entries,Entity_Number
RACE,246619,403984,0.6104672462275734,-1
GENDER,94150,403984,0.2330537843082894,-1
OVERALL,63215,403984,0.1564789694641372,-1
