Category_Set,Category_Occurrences,Total_Examples,percent_of_entries,Entity_Number
Race/Ethnicity,246619,403984,0.6104672462275734,-1
Gender,94150,403984,0.2330537843082894,-1
Overall,63215,403984,0.1564789694641372,-1
