Category_Set,Category_Occurrences,Total_Examples,percent_of_entries,Entity_Number
Y,91208,374362,0.2436358391076017,-1
A,55202,374362,0.1474562054909419,-1
N,4033,374362,0.0107729951223681,-1
