Category_Set,Category_Occurrences,Total_Examples,percent_of_entries,Entity_Number
A,8892,374362,0.0237524107681869,-1
Y,8288,374362,0.0221389991505548,-1
N,53,374362,0.0001415741982359,-1
