Category_Set,Category_Occurrences,Total_Examples,percent_of_entries,Entity_Number
A,85432,374362,0.2282069227111726,-1
Y,1590,374362,0.0042472259470779,-1
N,1552,374362,0.004145719918154,-1
