Category_Set,Category_Occurrences,Total_Examples,percent_of_entries,Entity_Number
A,145473,374362,0.3885891196221839,-1
N,2507,374362,0.0066967266976883,-1
Y,2450,374362,0.0065444676543025,-1
