Category_Set,Category_Occurrences,Total_Examples,percent_of_entries,Entity_Number
A,39724,374362,0.1061111971834748,-1
Y,30934,374362,0.0826312499666098,-1
N,17977,374362,0.0480203653148556,-1
