Category_Set,Category_Occurrences,Total_Examples,percent_of_entries,Entity_Number
A,2185,374362,0.0058365966631228,-1
Y,185,374362,0.000494174088182,-1
N,28,374362,7.479391604917166e-05,-1
