Category_Set,Category_Occurrences,Total_Examples,percent_of_entries,Entity_Number
A,86643,374362,0.2314417595802993,-1
Y,1810,374362,0.0048348924303214,-1
N,181,374362,0.0004834892430321,-1
