Category_Set,Category_Occurrences,Total_Examples,percent_of_entries,Entity_Number
A,147122,374362,0.3929939470352226,-1
Y,3067,374362,0.0081926050186717,-1
N,255,374362,0.0006811588783049,-1
