Category_Set,Category_Occurrences,Total_Examples,percent_of_entries,Entity_Number
A,65873,374362,0.1759607011395387,-1
Y,47159,374362,0.1259716531058173,-1
N,37415,374362,0.0999433703207056,-1
