Category_Set,Category_Occurrences,Total_Examples,percent_of_entries,Entity_Number
Y,48396,374362,0.1292759414684182,-1
A,38040,374362,0.1016128773753746,-1
N,2197,374362,0.0058686511985725,-1
