Category_Set,Category_Occurrences,Total_Examples,percent_of_entries,Entity_Number
A,63977,374362,0.1708960845384948,-1
Y,12939,374362,0.0345628028485797,-1
N,11709,374362,0.0312772129649911,-1
