Category_Set,Category_Occurrences,Total_Examples,percent_of_entries,Entity_Number
ONLINE,112564,374362,0.30068222736282,-1
PERM,20576,374362,0.0549628434509912,-1
MAILEDIN,2129,374362,0.0056870088310245,-1
