Category_Set,Category_Occurrences,Total_Examples,percent_of_entries,Entity_Number
Y,235182,374362,0.6282208130098674,-1
A,3704,374362,0.0098941666087904,-1
N,116,374362,0.0003098605093465,-1
