Category_Set,Category_Occurrences,Total_Examples,percent_of_entries,Entity_Number
dialect,10531,23243,0.4530826485393452,-1
language,8444,23243,0.3632921739878673,-1
family,4268,23243,0.1836251774727875,-1
