Category_Set,Category_Occurrences,Total_Examples,percent_of_entries,Entity_Number
1.0,2076276,2933938,0.7076754859850479,-1
-0.5,518557,2933938,0.1767443620144665,-1
-1.0,339105,2933938,0.1155801520004853,-1
