Category_Set,Category_Occurrences,Total_Examples,percent_of_entries,Entity_Number
1.0,1116,5494,0.203130688023298,-1
2.0,176,5494,0.0320349472151437,-1
4.0,32,5494,0.0058245358572988,-1
