Category_Set,Category_Occurrences,Total_Examples,percent_of_entries,Entity_Number
h,23980,34857,0.6879536391542588,-1
u,7297,34857,0.209341021889434,-1
t,3580,34857,0.1027053389563072,-1
