Category_Set,Category_Occurrences,Total_Examples,percent_of_entries,Entity_Number
0,1307,1351,0.9674315321983716,-1
1,43,1351,0.0318282753515914,-1
3,1,1351,0.000740192450037,-1
