Category_Set,Category_Occurrences,Total_Examples,percent_of_entries,Entity_Number
0,3132,3324,0.9422382671480144,-1
1,190,3324,0.0571600481347773,-1
3,2,3324,0.0006016847172081,-1
