Category_Set,Category_Occurrences,Total_Examples,percent_of_entries,Entity_Number
0,1825,1973,0.9249873289406996,-1
1,147,1973,0.0745058286872782,-1
3,1,1973,0.0005068423720223,-1
