Category_Set,Category_Occurrences,Total_Examples,percent_of_entries,Entity_Number
win_A,321661,387427,0.8302493114831956,-1
win_B,40994,387427,0.1058109011504102,-1
draw,24772,387427,0.0639397873663941,-1
