Category_Set,Category_Occurrences,Total_Examples,percent_of_entries,Entity_Number
1993.0,120734,191325,0.6310414216647067,-1
1968.0,41785,191325,0.2183980138507774,-1
2008.0,28609,191325,0.1495309029138899,-1
