Category_Set,Category_Occurrences,Total_Examples,percent_of_entries,Entity_Number
1993.0,99420,188939,0.5262015782871721,-1
1968.0,63313,188939,0.3350975711737651,-1
2008.0,25924,188939,0.1372083053260576,-1
