Category_Set,Category_Occurrences,Total_Examples,percent_of_entries,Entity_Number
1993.0,113415,215337,0.5266860781008373,-1
1968.0,74704,215337,0.3469166933689984,-1
2008.0,26850,215337,0.1246882793017456,-1
