Category_Set,Category_Occurrences,Total_Examples,percent_of_entries,Entity_Number
1993.0,24378,48269,0.5050446456317721,-1
1968.0,14009,48269,0.2902276823634217,-1
2008.0,9759,48269,0.2021794526507696,-1
