Category_Set,Category_Occurrences,Total_Examples,percent_of_entries,Entity_Number
1993.0,162460,227092,0.7153928804185088,-1
2008.0,55624,227092,0.2449403765874623,-1
1968.0,8236,227092,0.0362672397090166,-1
