Category_Set,Category_Occurrences,Total_Examples,percent_of_entries,Entity_Number
1993.0,133721,225363,0.5933582708785382,-1
1968.0,84428,225363,0.3746311506325351,-1
2008.0,6381,225363,0.028314319564436,-1
