Category_Set,Category_Occurrences,Total_Examples,percent_of_entries,Entity_Number
1993.0,418051,595971,0.7014619838884778,-1
1968.0,162909,595971,0.2733505489361059,-1
2008.0,13851,595971,0.0232410637430344,-1
