Category_Set,Category_Occurrences,Total_Examples,percent_of_entries,Entity_Number
1993.0,141124,223379,0.6317693247798585,-1
1968.0,75320,223379,0.3371847846037452,-1
2008.0,6144,223379,0.0275048236405391,-1
