Category_Set,Category_Occurrences,Total_Examples,percent_of_entries,Entity_Number
1993.0,62823,100048,0.6279285942747481,-1
2008.0,21882,100048,0.2187150167919398,-1
1968.0,15153,100048,0.151457300495762,-1
