Category_Set,Category_Occurrences,Total_Examples,percent_of_entries,Entity_Number
0,1354,1518,0.8919631093544137,-1
1,163,1518,0.1073781291172595,-1
3,1,1518,0.0006587615283267,-1
