Category_Set,Category_Occurrences,Total_Examples,percent_of_entries,Entity_Number
0,1033,1518,0.6805006587615283,-1
1,484,1518,0.3188405797101449,-1
3,1,1518,0.0006587615283267,-1
