Category_Set,Category_Occurrences,Total_Examples,percent_of_entries,Entity_Number
0,908,1518,0.5981554677206851,-1
1,609,1518,0.4011857707509881,-1
2,1,1518,0.0006587615283267,-1
