Category_Set,Category_Occurrences,Total_Examples,percent_of_entries,Entity_Number
0,1371,1518,0.9031620553359684,-1
1,144,1518,0.0948616600790513,-1
2,3,1518,0.0019762845849802,-1
