Category_Set,Category_Occurrences,Total_Examples,percent_of_entries,Entity_Number
1.0,5220,9597,0.543919974992185,-1
2.0,2342,9597,0.2440345941440033,-1
3.0,1926,9597,0.2006877149109096,-1
