Category_Set,Category_Occurrences,Total_Examples,percent_of_entries,Entity_Number
4.0,4,9597,0.0004167969157028,-1
2.0,3,9597,0.0003125976867771,-1
1.0,2,9597,0.0002083984578514,-1
