Category_Set,Category_Occurrences,Total_Examples,percent_of_entries,Entity_Number
2,1968,2720,0.7235294117647059,-1
1,720,2720,0.2647058823529412,-1
3,32,2720,0.0117647058823529,-1
