Category_Set,Category_Occurrences,Total_Examples,percent_of_entries,Entity_Number
2.0,402,2720,0.1477941176470588,-1
4.0,257,2720,0.094485294117647,-1
1.0,1,2720,0.0003676470588235,-1
