Category_Set,Category_Occurrences,Total_Examples,percent_of_entries,Entity_Number
4.0,11,9597,0.0011461915181827,-1
2.0,1,9597,0.0001041992289257,-1
1.0,1,9597,0.0001041992289257,-1
