Category_Set,Category_Occurrences,Total_Examples,percent_of_entries,Entity_Number
4.0,7,9597,0.0007293946024799,-1
1.0,4,9597,0.0004167969157028,-1
2.0,1,9597,0.0001041992289257,-1
