Category_Set,Category_Occurrences,Total_Examples,percent_of_entries,Entity_Number
3.0,1156,2720,0.425,-1
1.0,1030,2720,0.3786764705882353,-1
2.0,70,2720,0.025735294117647,-1
