Category_Set,Category_Occurrences,Total_Examples,percent_of_entries,Entity_Number
4.0,30,9597,0.0031259768677711,-1
1.0,11,9597,0.0011461915181827,-1
2.0,4,9597,0.0004167969157028,-1
