Category_Set,Category_Occurrences,Total_Examples,percent_of_entries,Entity_Number
1,129314,165808,0.779902055389366,-1
2,29702,165808,0.1791349030203609,-1
3,6792,165808,0.040963041590273,-1
