Category_Set,Category_Occurrences,Total_Examples,percent_of_entries,Entity_Number
1,149021,165808,0.8987563929364084,-1
2,10568,165808,0.0637363697770915,-1
3,6219,165808,0.0375072372865,-1
