Category_Set,Category_Occurrences,Total_Examples,percent_of_entries,Entity_Number
Philippines,3030,4861,0.6233285332236166,-1
Armenia,942,4861,0.1937872865665501,-1
Colombia,819,4861,0.1684838510594528,-1
Haiti,70,4861,0.0144003291503805,-1
