Category_Set,Category_Occurrences,Total_Examples,percent_of_entries,Entity_Number
PHGE52FL,3030,4861,0.6233285332236166,-1
AMGE61FL,942,4861,0.1937872865665501,-1
COGE61FL,819,4861,0.1684838510594528,-1
HTGE61FL,70,4861,0.0144003291503805,-1
