Category_Set,Category_Occurrences,Total_Examples,percent_of_entries,Entity_Number
CEN,3030,4861,0.6233285332236166,-1
GPS,1697,4861,0.3491051224027978,-1
GAZ,88,4861,0.018103270931907,-1
MIS,46,4861,0.0094630734416786,-1
