Category_Set,Category_Occurrences,Total_Examples,percent_of_entries,Entity_Number
1,17972,25090,0.7163013152650458,-1
2,5797,25090,0.231048226385014,-1
0,1159,25090,0.0461937026703866,-1
#NULL!,162,25090,0.0064567556795536,1
