Category_Set,Category_Occurrences,Total_Examples,percent_of_entries,Entity_Number
1,24539,25090,0.9780390593862096,-1
2,410,25090,0.0163411717815862,-1
4,106,25090,0.0042247907532881,-1
3,35,25090,0.0013949780789159,-1
