Category_Set,Category_Occurrences,Total_Examples,percent_of_entries,Entity_Number
1,24408,25090,0.9728178557194102,-1
3,500,25090,0.0199282582702271,-1
4,146,25090,0.0058190514149063,-1
2,36,25090,0.0014348345954563,-1
