Category_Set,Category_Occurrences,Total_Examples,percent_of_entries,Entity_Number
1,23959,25090,0.954922279792746,-1
2,638,25090,0.0254284575528098,-1
0,383,25090,0.015265045834994,-1
#NULL!,110,25090,0.0043842168194499,1
