Category_Set,Category_Occurrences,Total_Examples,percent_of_entries,Entity_Number
1,24481,25090,0.9757273814268632,-1
3,398,25090,0.0158628935831008,-1
2,158,25090,0.0062973296133917,-1
4,53,25090,0.002112395376644,-1
