Category_Set,Category_Occurrences,Total_Examples,percent_of_entries,Entity_Number
0,1922,2050,0.937560975609756,-1
1,112,2050,0.0546341463414634,-1
2,15,2050,0.0073170731707317,-1
3,1,2050,0.0004878048780487,-1
