Category_Set,Category_Occurrences,Total_Examples,percent_of_entries,Entity_Number
1.0,664,801,0.8289637952559301,-1
0.5,90,801,0.1123595505617977,-1
0.0,41,801,0.0511860174781523,-1
0.25,6,801,0.0074906367041198,-1
