Category_Set,Category_Occurrences,Total_Examples,percent_of_entries,Entity_Number
1.0,669,801,0.8352059925093633,-1
0.0,47,801,0.0586766541822721,-1
2.0,43,801,0.0536828963795255,-1
0.5,42,801,0.0524344569288389,-1
