Category_Set,Category_Occurrences,Total_Examples,percent_of_entries,Entity_Number
others,4797,5807,0.8260719820905803,-1
cash,680,5807,0.1171000516617875,-1
paypal,267,5807,0.0459789908730842,-1
wepay,63,5807,0.0108489753745479,-1
