Category_Set,Category_Occurrences,Total_Examples,percent_of_entries,Entity_Number
NY,8565,16330,0.5244947948560931,-1
CA,4574,16330,0.2800979791794244,-1
IL,3180,16330,0.19473361910594,-1
NJ,11,16330,0.0006736068585425,-1
