Category_Set,Category_Occurrences,Total_Examples,percent_of_entries,Entity_Number
Level II,119625,374362,0.3195436502636485,-1
Level IV,96550,374362,0.2579054498052687,-1
Level I,65687,374362,0.1754638558400692,-1
Level III,64873,374362,0.1732894898520683,-1
