Category_Set,Category_Occurrences,Total_Examples,percent_of_entries,Entity_Number
0,4880,11106,0.4394021249774897,-1
2,2684,11106,0.2416711687376193,-1
1,2258,11106,0.2033135242211417,-1
3,1284,11106,0.1156131820637493,-1
