Category_Set,Category_Occurrences,Total_Examples,percent_of_entries,Entity_Number
Nominated,110694,225675,0.4905018278497839,-1
Won,110456,225675,0.4894472139138141,-1
2nd place,3226,225675,0.0142948930984823,-1
3rd place,1299,225675,0.0057560651379195,-1
