Category_Set,Category_Occurrences,Total_Examples,percent_of_entries,Entity_Number
Won,168,331,0.5075528700906344,-1
Nominated,152,331,0.459214501510574,-1
2nd place,9,331,0.0271903323262839,-1
3rd place,2,331,0.0060422960725075,-1
