Category_Set,Category_Occurrences,Total_Examples,percent_of_entries,Entity_Number
rytinis,1837593,2933938,0.6263230511346866,-1
vakarinis,917202,2933938,0.3126180580503065,-1
neeilinis,167034,2933938,0.0569316734027781,-1
nenumatytas,12109,2933938,0.0041272174122288,-1
