Category_Set,Category_Occurrences,Total_Examples,percent_of_entries,Entity_Number
0,722763,768922,0.9399692036383404,-1
1,45956,768922,0.0597667903896624,-1
3,198,768922,0.0002575033618494,-1
2,5,768922,6.502610147713293e-06,-1
