Category_Set,Category_Occurrences,Total_Examples,percent_of_entries,Entity_Number
0,214705,240579,0.8924511283195956,-1
1,25791,240579,0.1072038706620278,-1
3,81,240579,0.0003366877408252,-1
2,2,240579,8.313277551240964e-06,-1
