Category_Set,Category_Occurrences,Total_Examples,percent_of_entries,Entity_Number
southeast,364,1338,0.2720478325859492,-1
northwest,325,1338,0.2428998505231689,-1
southwest,325,1338,0.2428998505231689,-1
northeast,324,1338,0.242152466367713,-1
