Category_Set,Category_Occurrences,Total_Examples,percent_of_entries,Entity_Number
MODERATE,33212,65188,0.5094802724427809,-1
LOW,21642,65188,0.3319936184573848,-1
MODIFIER,5582,65188,0.0856292569184512,-1
HIGH,4752,65188,0.072896852181383,-1
