Category_Set,Category_Occurrences,Total_Examples,percent_of_entries,Entity_Number
active,56,72,0.7777777777777778,-1
closed,10,72,0.1388888888888889,-1
moved,5,72,0.0694444444444444,-1
ACL only,1,72,0.0138888888888888,-1
