Category_Set,Category_Occurrences,Total_Examples,percent_of_entries,Entity_Number
0,1264,1518,0.8326745718050066,-1
1,98,1518,0.064558629776021,-1
2,88,1518,0.0579710144927536,-1
3,68,1518,0.0447957839262187,-1
