Category_Set,Category_Occurrences,Total_Examples,percent_of_entries,Entity_Number
0,1310,1518,0.8629776021080369,-1
2,123,1518,0.0810276679841897,-1
1,47,1518,0.030961791831357,-1
3,38,1518,0.0250329380764163,-1
