Category_Set,Category_Occurrences,Total_Examples,percent_of_entries,Entity_Number
0,1474,1518,0.9710144927536232,-1
3,17,1518,0.0111989459815546,-1
1,15,1518,0.0098814229249011,-1
2,12,1518,0.0079051383399209,-1
