Category_Set,Category_Occurrences,Total_Examples,percent_of_entries,Entity_Number
0,1233,1518,0.8122529644268774,-1
1,117,1518,0.0770750988142292,-1
3,107,1518,0.0704874835309617,-1
2,61,1518,0.0401844532279314,-1
