Category_Set,Category_Occurrences,Total_Examples,percent_of_entries,Entity_Number
0,1436,1518,0.9459815546772068,-1
1,44,1518,0.0289855072463768,-1
2,28,1518,0.0184453227931488,-1
3,10,1518,0.0065876152832674,-1
