Category_Set,Category_Occurrences,Total_Examples,percent_of_entries,Entity_Number
0,1447,1518,0.9532279314888008,-1
2,43,1518,0.02832674571805,-1
3,14,1518,0.0092226613965744,-1
1,14,1518,0.0092226613965744,-1
