Category_Set,Category_Occurrences,Total_Examples,percent_of_entries,Entity_Number
0,1201,1518,0.7911725955204216,-1
1,187,1518,0.1231884057971014,-1
2,89,1518,0.0586297760210803,-1
3,41,1518,0.0270092226613965,-1
