Category_Set,Category_Occurrences,Total_Examples,percent_of_entries,Entity_Number
0,1404,1518,0.924901185770751,-1
1,70,1518,0.0461133069828722,-1
2,30,1518,0.0197628458498023,-1
3,14,1518,0.0092226613965744,-1
