Category_Set,Category_Occurrences,Total_Examples,percent_of_entries,Entity_Number
0,1259,1518,0.8293807641633728,-1
3,114,1518,0.075098814229249,-1
1,76,1518,0.0500658761528326,-1
2,69,1518,0.0454545454545454,-1
