Category_Set,Category_Occurrences,Total_Examples,percent_of_entries,Entity_Number
0,1330,1518,0.8761528326745718,-1
1,151,1518,0.0994729907773386,-1
2,20,1518,0.0131752305665349,-1
3,17,1518,0.0111989459815546,-1
