Category_Set,Category_Occurrences,Total_Examples,percent_of_entries,Entity_Number
0,1402,1518,0.9235836627140976,-1
1,58,1518,0.0382081686429512,-1
2,39,1518,0.025691699604743,-1
3,19,1518,0.0125164690382081,-1
