Category_Set,Category_Occurrences,Total_Examples,percent_of_entries,Entity_Number
0,1416,1518,0.932806324110672,-1
2,61,1518,0.0401844532279314,-1
3,30,1518,0.0197628458498023,-1
1,11,1518,0.0072463768115942,-1
