Category_Set,Category_Occurrences,Total_Examples,percent_of_entries,Entity_Number
0,1434,1518,0.9446640316205532,-1
1,52,1518,0.0342555994729907,-1
2,27,1518,0.0177865612648221,-1
3,5,1518,0.0032938076416337,-1
