Category_Set,Category_Occurrences,Total_Examples,percent_of_entries,Entity_Number
0,1497,1518,0.9861660079051384,-1
2,12,1518,0.0079051383399209,-1
3,6,1518,0.0039525691699604,-1
1,3,1518,0.0019762845849802,-1
