Category_Set,Category_Occurrences,Total_Examples,percent_of_entries,Entity_Number
0,1442,1518,0.9499341238471674,-1
2,33,1518,0.0217391304347826,-1
3,23,1518,0.0151515151515151,-1
1,20,1518,0.0131752305665349,-1
