Category_Set,Category_Occurrences,Total_Examples,percent_of_entries,Entity_Number
0,1263,1518,0.8320158102766798,-1
1,165,1518,0.108695652173913,-1
3,58,1518,0.0382081686429512,-1
2,32,1518,0.0210803689064558,-1
