Category_Set,Category_Occurrences,Total_Examples,percent_of_entries,Entity_Number
0,1249,1518,0.8227931488801054,-1
2,124,1518,0.0816864295125164,-1
1,99,1518,0.0652173913043478,-1
3,46,1518,0.0303030303030303,-1
