Category_Set,Category_Occurrences,Total_Examples,percent_of_entries,Entity_Number
0,1432,1518,0.9433465085639,-1
1,33,1518,0.0217391304347826,-1
3,32,1518,0.0210803689064558,-1
2,21,1518,0.0138339920948616,-1
