Category_Set,Category_Occurrences,Total_Examples,percent_of_entries,Entity_Number
0,1449,1518,0.9545454545454546,-1
1,40,1518,0.0263504611330698,-1
2,24,1518,0.0158102766798418,-1
3,5,1518,0.0032938076416337,-1
