Category_Set,Category_Occurrences,Total_Examples,percent_of_entries,Entity_Number
0,1188,1518,0.7826086956521741,-1
1,248,1518,0.1633728590250329,-1
2,61,1518,0.0401844532279314,-1
3,21,1518,0.0138339920948616,-1
