Category_Set,Category_Occurrences,Total_Examples,percent_of_entries,Entity_Number
0,1119,1518,0.7371541501976284,-1
1,212,1518,0.13965744400527,-1
2,144,1518,0.0948616600790513,-1
3,43,1518,0.02832674571805,-1
