Category_Set,Category_Occurrences,Total_Examples,percent_of_entries,Entity_Number
0,1502,1518,0.989459815546772,-1
1,7,1518,0.0046113306982872,-1
2,6,1518,0.0039525691699604,-1
3,3,1518,0.0019762845849802,-1
