Category_Set,Category_Occurrences,Total_Examples,percent_of_entries,Entity_Number
0,1470,1518,0.9683794466403162,-1
1,22,1518,0.0144927536231884,-1
2,15,1518,0.0098814229249011,-1
3,11,1518,0.0072463768115942,-1
