Category_Set,Category_Occurrences,Total_Examples,percent_of_entries,Entity_Number
0,1411,1518,0.9295125164690382,-1
2,50,1518,0.0329380764163372,-1
3,37,1518,0.0243741765480895,-1
1,20,1518,0.0131752305665349,-1
