Category_Set,Category_Occurrences,Total_Examples,percent_of_entries,Entity_Number
0,1455,1518,0.958498023715415,-1
2,34,1518,0.0223978919631093,-1
1,22,1518,0.0144927536231884,-1
3,7,1518,0.0046113306982872,-1
