Category_Set,Category_Occurrences,Total_Examples,percent_of_entries,Entity_Number
0,1435,1518,0.94532279314888,-1
1,63,1518,0.0415019762845849,-1
2,16,1518,0.0105401844532279,-1
3,4,1518,0.0026350461133069,-1
