Category_Set,Category_Occurrences,Total_Examples,percent_of_entries,Entity_Number
0,1414,1518,0.9314888010540184,-1
2,38,1518,0.0250329380764163,-1
3,36,1518,0.0237154150197628,-1
1,30,1518,0.0197628458498023,-1
