Category_Set,Category_Occurrences,Total_Examples,percent_of_entries,Entity_Number
0,1093,1518,0.7200263504611331,-1
1,212,1518,0.13965744400527,-1
3,109,1518,0.0718050065876152,-1
2,104,1518,0.0685111989459815,-1
