Category_Set,Category_Occurrences,Total_Examples,percent_of_entries,Entity_Number
0,1326,1518,0.8735177865612648,-1
2,97,1518,0.0638998682476943,-1
1,81,1518,0.0533596837944664,-1
3,14,1518,0.0092226613965744,-1
