Category_Set,Category_Occurrences,Total_Examples,percent_of_entries,Entity_Number
0,1403,1518,0.9242424242424242,-1
1,50,1518,0.0329380764163372,-1
3,48,1518,0.0316205533596837,-1
2,17,1518,0.0111989459815546,-1
