Category_Set,Category_Occurrences,Total_Examples,percent_of_entries,Entity_Number
0,1282,1518,0.8445322793148881,-1
1,126,1518,0.0830039525691699,-1
2,66,1518,0.0434782608695652,-1
3,44,1518,0.0289855072463768,-1
