Category_Set,Category_Occurrences,Total_Examples,percent_of_entries,Entity_Number
0,1361,1518,0.8965744400527009,-1
1,88,1518,0.0579710144927536,-1
2,53,1518,0.0349143610013175,-1
3,16,1518,0.0105401844532279,-1
