Category_Set,Category_Occurrences,Total_Examples,percent_of_entries,Entity_Number
0,1149,1518,0.7569169960474308,-1
1,182,1518,0.1198945981554677,-1
2,112,1518,0.0737812911725955,-1
3,75,1518,0.0494071146245059,-1
