Category_Set,Category_Occurrences,Total_Examples,percent_of_entries,Entity_Number
0,1479,1518,0.9743083003952572,-1
2,23,1518,0.0151515151515151,-1
3,13,1518,0.0085638998682476,-1
1,3,1518,0.0019762845849802,-1
