Category_Set,Category_Occurrences,Total_Examples,percent_of_entries,Entity_Number
0,1097,1518,0.7226613965744401,-1
1,174,1518,0.1146245059288537,-1
2,162,1518,0.1067193675889328,-1
3,85,1518,0.0559947299077733,-1
