Category_Set,Category_Occurrences,Total_Examples,percent_of_entries,Entity_Number
0,1393,1518,0.9176548089591569,-1
1,68,1518,0.0447957839262187,-1
2,35,1518,0.0230566534914361,-1
3,22,1518,0.0144927536231884,-1
