Category_Set,Category_Occurrences,Total_Examples,percent_of_entries,Entity_Number
0,1365,1518,0.8992094861660079,-1
1,73,1518,0.0480895915678524,-1
3,42,1518,0.0276679841897233,-1
2,38,1518,0.0250329380764163,-1
