Category_Set,Category_Occurrences,Total_Examples,percent_of_entries,Entity_Number
0,1097,1518,0.7226613965744401,-1
1,239,1518,0.1574440052700922,-1
3,108,1518,0.0711462450592885,-1
2,74,1518,0.0487483530961791,-1
