Category_Set,Category_Occurrences,Total_Examples,percent_of_entries,Entity_Number
0,1181,1518,0.7779973649538867,-1
1,152,1518,0.1001317523056653,-1
3,125,1518,0.0823451910408432,-1
2,60,1518,0.0395256916996047,-1
