Category_Set,Category_Occurrences,Total_Examples,percent_of_entries,Entity_Number
0,1158,1518,0.7628458498023716,-1
1,226,1518,0.1488801054018445,-1
2,75,1518,0.0494071146245059,-1
3,59,1518,0.038866930171278,-1
