Category_Set,Category_Occurrences,Total_Examples,percent_of_entries,Entity_Number
0,1310,1518,0.8629776021080369,-1
3,103,1518,0.0678524374176548,-1
1,71,1518,0.0467720685111989,-1
2,34,1518,0.0223978919631093,-1
