Category_Set,Category_Occurrences,Total_Examples,percent_of_entries,Entity_Number
0,1260,1518,0.8300395256916996,-1
2,127,1518,0.0836627140974967,-1
1,107,1518,0.0704874835309617,-1
3,24,1518,0.0158102766798418,-1
