Category_Set,Category_Occurrences,Total_Examples,percent_of_entries,Entity_Number
0,1207,1518,0.7951251646903821,-1
2,132,1518,0.0869565217391304,-1
1,98,1518,0.064558629776021,-1
3,81,1518,0.0533596837944664,-1
