Category_Set,Category_Occurrences,Total_Examples,percent_of_entries,Entity_Number
0,1325,1518,0.8728590250329381,-1
3,76,1518,0.0500658761528326,-1
1,63,1518,0.0415019762845849,-1
2,54,1518,0.0355731225296442,-1
