Category_Set,Category_Occurrences,Total_Examples,percent_of_entries,Entity_Number
0,1324,1518,0.8722002635046113,-1
1,91,1518,0.0599472990777338,-1
2,78,1518,0.0513833992094861,-1
3,25,1518,0.0164690382081686,-1
