Category_Set,Category_Occurrences,Total_Examples,percent_of_entries,Entity_Number
0,823,1518,0.5421607378129117,-1
2,363,1518,0.2391304347826087,-1
1,196,1518,0.1291172595520421,-1
3,136,1518,0.0895915678524374,-1
