Category_Set,Category_Occurrences,Total_Examples,percent_of_entries,Entity_Number
0,1419,1518,0.9347826086956522,-1
1,39,1518,0.025691699604743,-1
3,37,1518,0.0243741765480895,-1
2,23,1518,0.0151515151515151,-1
