Category_Set,Category_Occurrences,Total_Examples,percent_of_entries,Entity_Number
monthly,342717,671205,0.5105995932688225,-1
irregular,257158,671205,0.383128850351234,-1
bullet,70728,671205,0.1053746619885132,-1
weekly,602,671205,0.0008968943914303,-1
