Category_Set,Category_Occurrences,Total_Examples,percent_of_entries,Entity_Number
NORMAL,540,82545,0.0065418862438669,-1
NORMAL MULTIPLE,251,82545,0.0030407656429826,-1
DECEASED,17,82545,0.0002059482706402,-1
LEFT COUNCIL AREA,11,82545,0.0001332606457084,-1
