Category_Set,Category_Occurrences,Total_Examples,percent_of_entries,Entity_Number
0,1824,2720,0.6705882352941176,-1
2,608,2720,0.2235294117647059,-1
1,176,2720,0.0647058823529411,-1
5,112,2720,0.0411764705882352,-1
