Category_Set,Category_Occurrences,Total_Examples,percent_of_entries,Entity_Number
All Grain,49692,73861,0.6727772437416227,-1
BIAB,12016,73861,0.1626839604121255,-1
extract,8626,73861,0.1167869376260814,-1
Partial Mash,3527,73861,0.0477518582201703,-1
