Category_Set,Category_Occurrences,Total_Examples,percent_of_entries,Entity_Number
5.0,114382,198900,0.5750729009552539,-1
1.0,27841,198900,0.1399748617395676,-1
3.0,9360,198900,0.0470588235294117,-1
2.0,3778,198900,0.0189944695827048,-1
4.0,377,198900,0.0018954248366013,-1
