Category_Set,Category_Occurrences,Total_Examples,percent_of_entries,Entity_Number
wood frame (5),113350,198900,0.5698843640020109,-1
constr type 1,28072,198900,0.1411362493715434,-1
constr type 3,9663,198900,0.0485822021116138,-1
constr type 2,4068,198900,0.0204524886877828,-1
constr type 4,381,198900,0.0019155354449472,-1
