Category_Set,Category_Occurrences,Total_Examples,percent_of_entries,Entity_Number
5.0,113350,198900,0.5698843640020109,-1
1.0,28072,198900,0.1411362493715434,-1
3.0,9663,198900,0.0485822021116138,-1
2.0,4068,198900,0.0204524886877828,-1
4.0,381,198900,0.0019155354449472,-1
