Category_Set,Category_Occurrences,Total_Examples,percent_of_entries,Entity_Number
wood frame (5),114382,198900,0.5750729009552539,-1
constr type 1,27841,198900,0.1399748617395676,-1
constr type 3,9360,198900,0.0470588235294117,-1
constr type 2,3778,198900,0.0189944695827048,-1
constr type 4,377,198900,0.0018954248366013,-1
