Category_Set,Category_Occurrences,Total_Examples,percent_of_entries,Entity_Number
1.0,565,801,0.7053682896379525,-1
0.5,126,801,0.1573033707865168,-1
2.0,105,801,0.1310861423220973,-1
0.25,3,801,0.0037453183520599,-1
4.0,2,801,0.0024968789013732,-1
