Category_Set,Category_Occurrences,Total_Examples,percent_of_entries,Entity_Number
1.0,297,801,0.3707865168539326,-1
0.5,256,801,0.3196004993757803,-1
2.0,135,801,0.1685393258426966,-1
0.25,85,801,0.1061173533083645,-1
4.0,28,801,0.0349563046192259,-1
