Category_Set,Category_Occurrences,Total_Examples,percent_of_entries,Entity_Number
1.0,536,801,0.6691635455680399,-1
2.0,112,801,0.1398252184769038,-1
0.0,109,801,0.1360799001248439,-1
0.5,42,801,0.0524344569288389,-1
4.0,2,801,0.0024968789013732,-1
