Category_Set,Category_Occurrences,Total_Examples,percent_of_entries,Entity_Number
1.0,354,801,0.4419475655430712,-1
0.5,226,801,0.282147315855181,-1
2.0,187,801,0.2334581772784019,-1
0.25,18,801,0.0224719101123595,-1
4.0,16,801,0.0199750312109862,-1
