Category_Set,Category_Occurrences,Total_Examples,percent_of_entries,Entity_Number
1.0,426,801,0.5318352059925093,-1
0.5,229,801,0.2858926342072409,-1
2.0,129,801,0.1610486891385767,-1
4.0,12,801,0.0149812734082397,-1
0.25,5,801,0.0062421972534332,-1
