Category_Set,Category_Occurrences,Total_Examples,percent_of_entries,Entity_Number
1.0,488,801,0.6092384519350812,-1
2.0,181,801,0.2259675405742821,-1
0.5,110,801,0.1373283395755306,-1
4.0,12,801,0.0149812734082397,-1
0.25,10,801,0.0124843945068664,-1
