Category_Set,Category_Occurrences,Total_Examples,percent_of_entries,Entity_Number
1.0,349,801,0.4357053682896379,-1
2.0,212,801,0.264669163545568,-1
0.5,209,801,0.2609238451935081,-1
4.0,22,801,0.0274656679151061,-1
0.25,9,801,0.0112359550561797,-1
