Category_Set,Category_Occurrences,Total_Examples,percent_of_entries,Entity_Number
1.0,541,801,0.6754057428214731,-1
0.5,145,801,0.181023720349563,-1
2.0,103,801,0.1285892634207241,-1
4.0,9,801,0.0112359550561797,-1
0.25,3,801,0.0037453183520599,-1
