Category_Set,Category_Occurrences,Total_Examples,percent_of_entries,Entity_Number
1.0,449,801,0.5605493133583022,-1
2.0,198,801,0.247191011235955,-1
0.5,127,801,0.1585518102372035,-1
4.0,23,801,0.0287141073657927,-1
0.25,4,801,0.0049937578027465,-1
