Category_Set,Category_Occurrences,Total_Examples,percent_of_entries,Entity_Number
1.0,376,801,0.4694132334581773,-1
0.5,247,801,0.3083645443196005,-1
2.0,128,801,0.1598002496878901,-1
0.25,42,801,0.0524344569288389,-1
4.0,8,801,0.0099875156054931,-1
