Category_Set,Category_Occurrences,Total_Examples,percent_of_entries,Entity_Number
1.0,451,801,0.5630461922596754,-1
0.5,237,801,0.2958801498127341,-1
2.0,100,801,0.1248439450686641,-1
0.25,9,801,0.0112359550561797,-1
4.0,4,801,0.0049937578027465,-1
