Category_Set,Category_Occurrences,Total_Examples,percent_of_entries,Entity_Number
Year,68950,374362,0.1841800182710852,-1
Hour,1651,374362,0.0044101698356136,-1
Week,58,374362,0.0001549302546732,-1
Month,39,374362,0.0001041772402113,-1
Bi-Weekly,1,374362,2.671211287470416e-06,-1
