Category_Set,Category_Occurrences,Total_Examples,percent_of_entries,Entity_Number
BR,613,3122,0.1963484945547725,-1
US,59,3122,0.0188981422165278,-1
CA,5,3122,0.0016015374759769,-1
AU,2,3122,0.0006406149903907,-1
PT,1,3122,0.0003203074951953,-1
