Category_Set,Category_Occurrences,Total_Examples,percent_of_entries,Entity_Number
en,2264,3122,0.7251761691223575,-1
pt,850,3122,0.2722613709160794,-1
la,4,3122,0.0012812299807815,-1
es,2,3122,0.0006406149903907,-1
ja,2,3122,0.0006406149903907,-1
