Category_Set,Category_Occurrences,Total_Examples,percent_of_entries,Entity_Number
VIEW,61086,72312,0.8447560570859608,-1
LIKE,5745,72312,0.079447394623299,-1
BOOKMARK,2463,72312,0.0340607368071689,-1
COMMENT CREATED,1611,72312,0.0222784600066379,-1
FOLLOW,1407,72312,0.0194573514769332,-1
