Category_Set,Category_Occurrences,Total_Examples,percent_of_entries,Entity_Number
0,576699,619129,0.931468240059826,-1
1,42324,619129,0.0683605516782447,-1
3,101,619129,0.0001631324005175,-1
2,4,619129,6.460689129405989e-06,-1
8,1,619129,1.6151722823514971e-06,-1
