Category_Set,Category_Occurrences,Total_Examples,percent_of_entries,Entity_Number
NON-IT Goods,215083,346018,0.621594830326746,-1
NON-IT Services,68372,346018,0.1975966568213214,-1
IT Goods,50900,346018,0.1471021738753475,-1
IT Services,11516,346018,0.0332815055864145,-1
IT Telecommunications,147,346018,0.0004248333901704,-1
