Category_Set,Category_Occurrences,Total_Examples,percent_of_entries,Entity_Number
2016.0,184680,649231,0.284459614528573,-1
2015.0,184521,649231,0.2842147094023545,-1
2014.0,155703,649231,0.2398268104881005,-1
2017.0,92118,649231,0.1418878642578681,-1
2013.0,1457,649231,0.002244193515097,-1
