Category_Set,Category_Occurrences,Total_Examples,percent_of_entries,Entity_Number
1.0,1984,2720,0.7294117647058823,-1
2.0,289,2720,0.10625,-1
4.0,172,2720,0.063235294117647,-1
3.0,120,2720,0.0441176470588235,-1
5.0,5,2720,0.0018382352941176,-1
