Category_Set,Category_Occurrences,Total_Examples,percent_of_entries,Entity_Number
Dog,44242,78256,0.5653496217542425,-1
Cat,29422,78256,0.3759711715395624,-1
Other,4249,78256,0.054296156205275,-1
Bird,334,78256,0.0042680433449192,-1
Livestock,9,78256,0.0001150071560008,-1
