Category_Set,Category_Occurrences,Total_Examples,percent_of_entries,Entity_Number
1,11669,11681,0.9989726906942898,-1
2,9,11681,0.0007704819792825,-1
5,1,11681,8.56091088091773e-05,-1
4,1,11681,8.56091088091773e-05,-1
3,1,11681,8.56091088091773e-05,-1
