Category_Set,Category_Occurrences,Total_Examples,percent_of_entries,Entity_Number
I,316,425,0.7435294117647059,-1
II,40,425,0.0941176470588235,-1
III,31,425,0.0729411764705882,-1
IV,30,425,0.0705882352941176,-1
V,8,425,0.0188235294117647,-1
