Category_Set,Category_Occurrences,Total_Examples,percent_of_entries,Entity_Number
I,328,439,0.7471526195899773,-1
II,40,439,0.0911161731207289,-1
III,31,439,0.0706150341685649,-1
IV,31,439,0.0706150341685649,-1
V,9,439,0.020501138952164,-1
