Category_Set,Category_Occurrences,Total_Examples,percent_of_entries,Entity_Number
Layer 1 Up,195,565,0.3451327433628318,-1
Repositioning,166,565,0.2938053097345133,-1
Layer 1 Down,93,565,0.1646017699115044,-1
Prep,51,565,0.0902654867256637,-1
Layer 2 Up,39,565,0.0690265486725663,-1
End,21,565,0.0371681415929203,-1
