Category_Set,Category_Occurrences,Total_Examples,percent_of_entries,Entity_Number
1.0,392,801,0.4893882646691635,-1
2.0,181,801,0.2259675405742821,-1
0.5,156,801,0.1947565543071161,-1
0.0,64,801,0.079900124843945,-1
4.0,7,801,0.0087390761548064,-1
0.25,1,801,0.0012484394506866,-1
