Category_Set,Category_Occurrences,Total_Examples,percent_of_entries,Entity_Number
1.0,326,801,0.4069912609238452,-1
0.5,193,801,0.2409488139825218,-1
2.0,184,801,0.2297128589263421,-1
0.25,44,801,0.0549313358302122,-1
0.0,41,801,0.0511860174781523,-1
4.0,13,801,0.0162297128589263,-1
