Category_Set,Category_Occurrences,Total_Examples,percent_of_entries,Entity_Number
1.0,402,801,0.50187265917603,-1
2.0,184,801,0.2297128589263421,-1
0.0,98,801,0.1223470661672908,-1
0.5,96,801,0.1198501872659176,-1
4.0,15,801,0.0187265917602996,-1
0.25,6,801,0.0074906367041198,-1
