Category_Set,Category_Occurrences,Total_Examples,percent_of_entries,Entity_Number
1.0,476,801,0.5942571785268415,-1
0.5,153,801,0.1910112359550561,-1
2.0,102,801,0.1273408239700374,-1
0.0,46,801,0.0574282147315855,-1
0.25,19,801,0.0237203495630461,-1
4.0,5,801,0.0062421972534332,-1
