Category_Set,Category_Occurrences,Total_Examples,percent_of_entries,Entity_Number
1.0,539,801,0.6729088639200999,-1
0.5,105,801,0.1310861423220973,-1
2.0,102,801,0.1273408239700374,-1
0.0,46,801,0.0574282147315855,-1
0.25,7,801,0.0087390761548064,-1
4.0,2,801,0.0024968789013732,-1
