Category_Set,Category_Occurrences,Total_Examples,percent_of_entries,Entity_Number
"Metric tons,  thousand",759859,1189482,0.6388150472222363,-1
Terajoules,178937,1189482,0.1504327093642442,-1
"Kilowatt-hours, million",147741,1189482,0.1242061670542303,-1
"Cubic metres, thousand",52032,1189482,0.0437434109973921,-1
"Kilowatts,  thousand",50229,1189482,0.0422276251343021,-1
Metric Tons,684,1189482,0.0005750402275948,-1
