Category_Set,Category_Occurrences,Total_Examples,percent_of_entries,Entity_Number
IL,5,13,0.3846153846153846,-1
CA,3,13,0.2307692307692308,-1
NY,2,13,0.1538461538461538,-1
MN,1,13,0.0769230769230769,-1
IN,1,13,0.0769230769230769,-1
NJ,1,13,0.0769230769230769,-1
