Category_Set,Category_Occurrences,Total_Examples,percent_of_entries,Entity_Number
NY,3169169,5893886,0.5377044958114222,-1
CA,1506419,5893886,0.2555901149089073,-1
IL,1206007,5893886,0.2046200079200717,-1
NJ,11745,5893886,0.0019927429882423,-1
IN,530,5893886,8.992369380744724e-05,-1
ca,16,5893886,2.714677548904068e-06,-1
