Category_Set,Category_Occurrences,Total_Examples,percent_of_entries,Entity_Number
LAYING,681,3609,0.1886949293433084,-1
STANDING,668,3609,0.1850928234968135,-1
SITTING,623,3609,0.1726239955666389,-1
WALKING,603,3609,0.1670822942643391,-1
WALKING_UPSTAIRS,541,3609,0.1499030202272097,-1
WALKING_DOWNSTAIRS,493,3609,0.1366029371016902,-1
