Category_Set,Category_Occurrences,Total_Examples,percent_of_entries,Entity_Number
UNITED STATES OF AMERICA,239005,374362,0.6384328537618669,-1
CANADA,8,374362,2.136969029976333e-05,-1
CAMEROON,2,374362,5.342422574940832e-06,-1
GERMANY,2,374362,5.342422574940832e-06,-1
SOUTH KOREA,1,374362,2.671211287470416e-06,-1
JAPAN,1,374362,2.671211287470416e-06,-1
