Category_Set,Category_Occurrences,Total_Examples,percent_of_entries,Entity_Number
1,2789,6251,0.4461686130219165,-1
2,2132,6251,0.341065429531275,-1
3,985,6251,0.1575747880339146,-1
4,267,6251,0.042713165893457,-1
5,65,6251,0.0103983362661974,-1
6,13,6251,0.0020796672532394,-1
