Category_Set,Category_Occurrences,Total_Examples,percent_of_entries,Entity_Number
officer_of,221112,364456,0.6066905195688918,-1
registered_address,128311,364456,0.3520617029216147,-1
connected_to,10552,364456,0.0289527405228614,-1
intermediary_of,4063,364456,0.0111481221327128,-1
same_name_as,416,364456,0.0011414272230392,-1
same_id_as,2,364456,5.487630879996488e-06,-1
