Category_Set,Category_Occurrences,Total_Examples,percent_of_entries,Entity_Number
Weighted average,616,1518,0.4057971014492754,-1
Sum,332,1518,0.2187088274044796,-1
Unweighted average,99,1518,0.0652173913043478,-1
Gap-filled total,71,1518,0.0467720685111989,-1
Median,47,1518,0.030961791831357,-1
Linear mixed-effect model estimates,15,1518,0.0098814229249011,-1
