Category_Set,Category_Occurrences,Total_Examples,percent_of_entries,Entity_Number
2010,28,1518,0.0184453227931488,-1
varies by country,27,1518,0.0177865612648221,-1
2011,10,1518,0.0065876152832674,-1
2000,5,1518,0.0032938076416337,-1
2004-06,3,1518,0.0019762845849802,-1
1990,2,1518,0.0013175230566534,-1
