Category_Set,Category_Occurrences,Total_Examples,percent_of_entries,Entity_Number
Medium,1399431,2799914,0.4998121370870677,-1
Low,636380,2799914,0.2272855523419648,-1
High,434022,2799914,0.1550126182447032,-1
Non-Emergency,321619,2799914,0.1148674566433112,-1
Emergency,1004,2799914,0.000358582442175,-1
Out of Service,803,2799914,0.0002867945229746,-1
