Category_Set,Category_Occurrences,Total_Examples,percent_of_entries,Entity_Number
safe,20112,23243,0.8652927763197522,-1
extinct,1104,23243,0.0474981714924923,-1
definitely endangered,585,23243,0.0251688680462935,-1
vulnerable,582,23243,0.0250397969281073,-1
severely endangered,434,23243,0.0186722884309254,-1
critically endangered,426,23243,0.0183280987824291,-1
