Category_Set,Category_Occurrences,Total_Examples,percent_of_entries,Entity_Number
Africa,5944,18975,0.3132542819499341,-1
Eurasia,5014,18975,0.2642424242424242,-1
Papunesia,4841,18975,0.2551251646903821,-1
South America,1096,18975,0.057760210803689,-1
North America,1045,18975,0.0550724637681159,-1
Australia,550,18975,0.0289855072463768,-1
