Category_Set,Category_Occurrences,Total_Examples,percent_of_entries,Entity_Number
  Millions of Dollars,5204,11106,0.4685755447505853,-1
  Percent,1397,11106,0.1257878624167117,-1
 Thousands of Units,287,11106,0.0258418872681433,-1
Ratio,136,11106,0.0122456329911759,-1
  Dollars,32,11106,0.0028813254096884,-1
Number of Months,3,11106,0.0002701242571582,-1
