Category_Set,Category_Occurrences,Total_Examples,percent_of_entries,Entity_Number
Prerecorded Voice,223245,943111,0.2367112672845508,-1
Live Voice,151932,943111,0.1610966259538909,-1
Abandoned Calls,66116,943111,0.0701041552903104,-1
Text Message,13502,943111,0.0143164484350198,-1
Autodialed Live Voice Call,7859,943111,0.0083330594171841,-1
Email,381,943111,0.0004039821399601,-1
