Category_Set,Category_Occurrences,Total_Examples,percent_of_entries,Entity_Number
Africa (excl MENA),462,1518,0.3043478260869565,-1
Europe and Eurasia,375,1518,0.2470355731225297,-1
Asia and Pacific,354,1518,0.233201581027668,-1
Americas,178,1518,0.1172595520421607,-1
Middle East and North Africa,119,1518,0.0783926218708827,-1
Cross-regional,30,1518,0.0197628458498023,-1
