Category_Set,Category_Occurrences,Total_Examples,percent_of_entries,Entity_Number
Sub-Saharan Africa,432,2772,0.1558441558441558,-1
Latin America and Caribbean,221,2772,0.0797258297258297,-1
East Asia and the Pacific,130,2772,0.0468975468975468,-1
Arab States,119,2772,0.0429292929292929,-1
South Asia,83,2772,0.0299422799422799,-1
Europe and Central Asia,23,2772,0.0082972582972582,-1
