Category_Set,Category_Occurrences,Total_Examples,percent_of_entries,Entity_Number
2015,7339,29421,0.2494476734305428,-1
2014,6935,29421,0.2357159851806533,-1
2016,6627,29421,0.2252472723564801,-1
2017,6577,29421,0.2235478059889195,-1
2013,1605,29421,0.0545528703986948,-1
2018,338,29421,0.0114883926447095,-1
