Category_Set,Category_Occurrences,Total_Examples,percent_of_entries,Entity_Number
IV,143,425,0.3364705882352941,-1
III,106,425,0.2494117647058824,-1
II,95,425,0.2235294117647059,-1
I,49,425,0.1152941176470588,-1
V,31,425,0.0729411764705882,-1
VI,1,425,0.0023529411764705,-1
