Category_Set,Category_Occurrences,Total_Examples,percent_of_entries,Entity_Number
IV,155,439,0.3530751708428246,-1
III,106,439,0.2414578587699317,-1
II,95,439,0.2164009111617312,-1
I,49,439,0.1116173120728929,-1
V,33,439,0.0751708428246013,-1
VI,1,439,0.0022779043280182,-1
