Category_Set,Category_Occurrences,Total_Examples,percent_of_entries,Entity_Number
Master's,103281,374362,0.2758853729812321,-1
Bachelor's,92004,374362,0.2457621232924282,-1
None,22767,374362,0.0608154673818389,-1
Doctorate,8045,374362,0.0214898948076995,-1
Other,7707,374362,0.0205870253925345,-1
High School,3595,374362,0.0096030045784561,-1
Associate's,1681,374362,0.0044903061742377,-1
