Category_Set,Category_Occurrences,Total_Examples,percent_of_entries,Entity_Number
Master's,103662,374362,0.2769031044817583,-1
Bachelor's,87686,374362,0.2342278329531309,-1
None,18344,374362,0.0490006998573573,-1
Doctorate,12243,374362,0.0327036397925003,-1
Other,10245,374362,0.0273665596401344,-1
High School,4536,374362,0.0121166143999658,-1
Associate's,2337,374362,0.0062426207788183,-1
