Category_Set,Category_Occurrences,Total_Examples,percent_of_entries,Entity_Number
Bachelor's,43652,374362,0.1166037151206586,-1
Master's,14000,374362,0.0373969580245858,-1
Other,9143,374362,0.024422884801342,-1
None,2199,374362,0.0058739936211474,-1
Doctorate,946,374362,0.002526965877947,-1
Associate's,382,374362,0.0010204027118136,-1
High School,226,374362,0.0006036937509683,-1
