Category_Set,Category_Occurrences,Total_Examples,percent_of_entries,Entity_Number
Symptom,1134267,2483304,0.4567572073334558,-1
Weather,413034,2483304,0.1663243807443631,-1
Condition,371928,2483304,0.1497714335417653,-1
Treatment,278001,2483304,0.1119480337485865,-1
Tag,157611,2483304,0.0634682664707985,-1
Food,128388,2483304,0.0517004764620038,-1
HBI,75,2483304,3.020169902678045e-05,-1
