Category_Set,Category_Occurrences,Total_Examples,percent_of_entries,Entity_Number
Phone,643806,943111,0.6826407496042354,-1
Internet,165966,943111,0.1759771649360467,-1
TV,105306,943111,0.1116581187156124,-1
Radio,23384,943111,0.0247945363801291,-1
Emergency,2148,943111,0.0022775686000905,-1
Accessibility,2119,943111,0.0022468193033481,-1
Request for Dispute Assistance,382,943111,0.0004050424605375,-1
