Category_Set,Category_Occurrences,Total_Examples,percent_of_entries,Entity_Number
AFRICA,39926,151623,0.2633241658587417,-1
EUROPE AND CENTRAL ASIA,30458,151623,0.2008798137485737,-1
LATIN AMERICA AND CARIBBEAN,30088,151623,0.198439550727792,-1
EAST ASIA AND PACIFIC,23617,151623,0.1557613290859566,-1
SOUTH ASIA,19253,151623,0.1269794160516544,-1
MIDDLE EAST AND NORTH AFRICA,8206,151623,0.0541210766176635,-1
OTHER,75,151623,0.0004946479096179,-1
