Category_Set,Category_Occurrences,Total_Examples,percent_of_entries,Entity_Number
Pre,467,1518,0.3076416337285903,-1
SubPar,364,1518,0.2397891963109354,-1
Imp,288,1518,0.1897233201581027,-1
Cea,267,1518,0.1758893280632411,-1
SubComp,95,1518,0.0625823451910408,-1
Ren,33,1518,0.0217391304347826,-1
Oth,4,1518,0.0026350461133069,-1
