Category_Set,Category_Occurrences,Total_Examples,percent_of_entries,Entity_Number
City of Onkarparinga,33372,82545,0.4042885698709793,-1
Playford,16652,82545,0.2017323883942092,-1
Port Adelaide Enfield,16075,82545,0.1947422617965958,-1
Mitcham,9609,82545,0.1164092313283663,-1
Burnside,5190,82545,0.0628747955660548,-1
City of Prospect,828,82545,0.010030892240596,-1
Adelaide City,819,82545,0.0099218608031982,-1
