Category_Set,Category_Occurrences,Total_Examples,percent_of_entries,Entity_Number
2006.0,32,2720,0.0117647058823529,-1
1991.0,16,2720,0.0058823529411764,-1
2015.0,16,2720,0.0058823529411764,-1
1997.0,16,2720,0.0058823529411764,-1
1978.0,16,2720,0.0058823529411764,-1
2007.0,16,2720,0.0058823529411764,-1
2014.0,16,2720,0.0058823529411764,-1
