Category_Set,Category_Occurrences,Total_Examples,percent_of_entries,Entity_Number
Saturday,5151,29421,0.1750790251860915,-1
Tuesday,4473,29421,0.15203426124197,-1
Sunday,4468,29421,0.1518643146052139,-1
Monday,3944,29421,0.134053907073179,-1
Friday,3934,29421,0.1337140137996669,-1
Wednesday,3833,29421,0.1302810917371945,-1
Thursday,3618,29421,0.122973386356684,-1
