Category_Set,Category_Occurrences,Total_Examples,percent_of_entries,Entity_Number
2016.0,28451,50000,0.56902,-1
2017.0,17908,50000,0.35816,-1
2015.0,3326,50000,0.06652,-1
2013.0,212,50000,0.00424,-1
2014.0,76,50000,0.00152,-1
2012.0,26,50000,0.00052,-1
2011.0,1,50000,2e-05,-1
