Category_Set,Category_Occurrences,Total_Examples,percent_of_entries,Entity_Number
otc alterations permit,178844,198900,0.8991654097536451,-1
additions alterations or repairs,14663,198900,0.0737204625439919,-1
sign - erect,2892,198900,0.0145399698340874,-1
new construction wood frame,950,198900,0.0047762694821518,-1
demolitions,600,198900,0.0030165912518853,-1
wall or painted sign,511,198900,0.002569130216189,-1
new construction,349,198900,0.0017546505781799,-1
grade or quarry or fill or excavate,91,198900,0.0004575163398692,-1
