Category_Set,Category_Occurrences,Total_Examples,percent_of_entries,Entity_Number
8,178844,198900,0.8991654097536451,-1
3,14663,198900,0.0737204625439919,-1
4,2892,198900,0.0145399698340874,-1
2,950,198900,0.0047762694821518,-1
6,600,198900,0.0030165912518853,-1
7,511,198900,0.002569130216189,-1
1,349,198900,0.0017546505781799,-1
5,91,198900,0.0004575163398692,-1
