Category_Set,Category_Occurrences,Total_Examples,percent_of_entries,Entity_Number
Southern Metropolitan,11836,34857,0.3395587686834782,-1
Northern Metropolitan,9557,34857,0.2741773531858737,-1
Western Metropolitan,6799,34857,0.195054078090484,-1
Eastern Metropolitan,4377,34857,0.1255701867630605,-1
South-Eastern Metropolitan,1739,34857,0.0498895487276587,-1
Eastern Victoria,228,34857,0.0065410104139771,-1
Northern Victoria,203,34857,0.0058237943598129,-1
Western Victoria,115,34857,0.0032991938491551,-1
