Category_Set,Category_Occurrences,Total_Examples,percent_of_entries,Entity_Number
NY,105527,240579,0.4386376200749026,-1
NJ,44095,240579,0.1832869868109851,-1
MA,38262,240579,0.1590413128327908,-1
CT,20943,240579,0.0870524858778197,-1
ME,9326,240579,0.0387648132214366,-1
NH,8330,240579,0.0346248010009186,-1
RI,8113,240579,0.0337228103866089,-1
VT,5983,240579,0.0248691697945373,-1
