Category_Set,Category_Occurrences,Total_Examples,percent_of_entries,Entity_Number
video observation,370375,513373,0.721453991542212,-1
still image,46402,513373,0.0903865220804366,-1
catch record,41520,513373,0.0808768673070068,-1
specimen,41213,513373,0.0802788615684892,-1
literature,815,513373,0.0015875396641428,-1
notation,749,513373,0.0014589781698686,-1
literature/specimen,2,513373,3.895802856792234e-06,-1
specimen; video observation,1,513373,1.947901428396117e-06,-1
