Category_Set,Category_Occurrences,Total_Examples,percent_of_entries,Entity_Number
1,41906,165808,0.2527381067258516,-1
3,37034,165808,0.2233547235356557,-1
6,31610,165808,0.1906421885554376,-1
2,21958,165808,0.1324302808067162,-1
5,15531,165808,0.0936685805268744,-1
4,11252,165808,0.067861623082119,-1
8,6477,165808,0.0390632538840104,-1
7,40,165808,0.0002412428833349,-1
