Category_Set,Category_Occurrences,Total_Examples,percent_of_entries,Entity_Number
Layer 2 Up,233,1301,0.1790930053804765,-1
Layer 1 Up,181,1301,0.1391237509607993,-1
Layer 2 Down,167,1301,0.1283627978478093,-1
End,161,1301,0.123750960799385,-1
Layer 3 Up,151,1301,0.1160645657186779,-1
Layer 1 Down,132,1301,0.1014604150653343,-1
Layer 3 Down,130,1301,0.0999231360491929,-1
Repositioning,96,1301,0.0737893927747886,-1
Prep,50,1301,0.0384319754035357,-1
