Category_Set,Category_Occurrences,Total_Examples,percent_of_entries,Entity_Number
Layer 2 Up,499,2314,0.2156439066551426,-1
Layer 1 Up,405,2314,0.1750216076058772,-1
Repositioning,323,2314,0.1395851339671564,-1
End,292,2314,0.1261884183232497,-1
Layer 3 Up,213,2314,0.092048401037165,-1
Layer 2 Down,179,2314,0.0773552290406223,-1
Layer 3 Down,157,2314,0.067847882454624,-1
Layer 1 Down,156,2314,0.0674157303370786,-1
Prep,90,2314,0.0388936905790838,-1
