Category_Set,Category_Occurrences,Total_Examples,percent_of_entries,Entity_Number
Layer 2 Up,173,605,0.2859504132231405,-1
Repositioning,91,605,0.1504132231404958,-1
Layer 2 Down,74,605,0.1223140495867768,-1
End,61,605,0.1008264462809917,-1
Layer 3 Up,55,605,0.0909090909090909,-1
Layer 3 Down,49,605,0.08099173553719,-1
Prep,41,605,0.0677685950413223,-1
Layer 1 Down,34,605,0.056198347107438,-1
Layer 1 Up,27,605,0.0446280991735537,-1
