Category_Set,Category_Occurrences,Total_Examples,percent_of_entries,Entity_Number
Layer 3 Down,121,740,0.1635135135135135,-1
Layer 1 Down,109,740,0.1472972972972973,-1
Layer 1 Up,105,740,0.1418918918918918,-1
Layer 2 Down,103,740,0.1391891891891891,-1
Layer 2 Up,98,740,0.1324324324324324,-1
Layer 3 Up,89,740,0.1202702702702702,-1
Repositioning,73,740,0.0986486486486486,-1
End,31,740,0.0418918918918918,-1
Prep,11,740,0.0148648648648648,-1
