Category_Set,Category_Occurrences,Total_Examples,percent_of_entries,Entity_Number
New York,8565,16330,0.5244947948560931,-1
San Francisco,4555,16330,0.27893447642376,-1
Chicago,3168,16330,0.1939987752602572,-1
South San Francisco,19,16330,0.0011635027556644,-1
West New York,11,16330,0.0006736068585425,-1
Chicago Ridge,5,16330,0.0003061849357011,-1
West Chicago,4,16330,0.0002449479485609,-1
Chicago Heights,2,16330,0.0001224739742804,-1
North Chicago,1,16330,6.123698714023271e-05,-1
