Category_Set,Category_Occurrences,Total_Examples,percent_of_entries,Entity_Number
10001,8565,16330,0.5244947948560931,-1
94101,4555,16330,0.27893447642376,-1
60601,3168,16330,0.1939987752602572,-1
94080,19,16330,0.0011635027556644,-1
7093,11,16330,0.0006736068585425,-1
60415,5,16330,0.0003061849357011,-1
60185,4,16330,0.0002449479485609,-1
60411,2,16330,0.0001224739742804,-1
60064,1,16330,6.123698714023271e-05,-1
