Category_Set,Category_Occurrences,Total_Examples,percent_of_entries,Entity_Number
2010.0,36,263,0.1368821292775665,-1
2005.0,4,263,0.0152091254752851,-1
1996.0,4,263,0.0152091254752851,-1
2015.0,3,263,0.0114068441064638,-1
2000.0,3,263,0.0114068441064638,-1
2007.0,1,263,0.0038022813688212,-1
2012.0,1,263,0.0038022813688212,-1
1995.0,1,263,0.0038022813688212,-1
1997.0,1,263,0.0038022813688212,-1
