Category_Set,Category_Occurrences,Total_Examples,percent_of_entries,Entity_Number
USD,92033,108129,0.8511407670467682,-1
GBP,8758,108129,0.0809958475524604,-1
CAD,3736,108129,0.0345513229568385,-1
AUD,1880,108129,0.0173866400318138,-1
EUR,817,108129,0.0075557898436127,-1
NZD,355,108129,0.0032831155379222,-1
SEK,240,108129,0.0022195710678911,-1
DKK,196,108129,0.0018126497054444,-1
NOK,114,108129,0.0010542962572482,-1
