Category_Set,Category_Occurrences,Total_Examples,percent_of_entries,Entity_Number
caught,4373,150460,0.0290642031104612,-1
bowled,1382,150460,0.0091851654924897,-1
run out,755,150460,0.0050179449687624,-1
lbw,455,150460,0.0030240595507111,-1
stumped,243,150460,0.0016150471886215,-1
caught and bowled,211,150460,0.0014023660773627,-1
hit wicket,9,150460,5.981656254153928e-05,-1
retired hurt,9,150460,5.981656254153928e-05,-1
obstructing the field,1,150460,6.646284726837698e-06,-1
