Category_Set,Category_Occurrences,Total_Examples,percent_of_entries,Entity_Number
Adoption,33112,78256,0.4231241054998977,-1
Transfer,23499,78256,0.3002836843181353,-1
Return to Owner,14354,78256,0.1834236352484154,-1
Euthanasia,6080,78256,0.0776937231649969,-1
Died,680,78256,0.0086894295645062,-1
Disposal,307,78256,0.0039230218769167,-1
Rto-Adopt,150,78256,0.0019167859333469,-1
Missing,46,78256,0.000587814352893,-1
Relocate,16,78256,0.0002044571662236,-1
