Category_Set,Category_Occurrences,Total_Examples,percent_of_entries,Entity_Number
Repositioning,400,1668,0.2398081534772182,-1
Layer 1 Down,232,1668,0.1390887290167865,-1
Layer 1 Up,212,1668,0.1270983213429256,-1
Layer 2 Down,204,1668,0.1223021582733813,-1
Prep,174,1668,0.1043165467625899,-1
Layer 3 Up,144,1668,0.0863309352517985,-1
Layer 2 Up,143,1668,0.0857314148681055,-1
Layer 3 Down,134,1668,0.0803357314148681,-1
End,25,1668,0.0149880095923261,-1
