Category_Set,Category_Occurrences,Total_Examples,percent_of_entries,Entity_Number
Repositioning,259,1521,0.1702827087442472,-1
Layer 2 Down,236,1521,0.1551610782380013,-1
Layer 1 Up,230,1521,0.1512163050624589,-1
Layer 3 Up,210,1521,0.1380670611439842,-1
Layer 1 Down,167,1521,0.1097961867192636,-1
Layer 2 Up,131,1521,0.0861275476660092,-1
End,109,1521,0.071663379355687,-1
Layer 3 Down,98,1521,0.0644312952005259,-1
Prep,81,1521,0.0532544378698224,-1
