Category_Set,Category_Occurrences,Total_Examples,percent_of_entries,Entity_Number
Layer 2 Up,229,1296,0.1766975308641975,-1
Layer 1 Up,224,1296,0.1728395061728395,-1
Layer 3 Down,178,1296,0.1373456790123456,-1
Layer 1 Down,161,1296,0.1242283950617284,-1
Repositioning,156,1296,0.1203703703703703,-1
Layer 3 Up,126,1296,0.0972222222222222,-1
Layer 2 Down,118,1296,0.0910493827160493,-1
Prep,74,1296,0.0570987654320987,-1
End,30,1296,0.0231481481481481,-1
